{"cameraMode":{"drawMode":0,"name":"Shaded","section":"Shading Mode"},"sceneLighting":false,"audioPlay":false,"sceneViewState":{"m_AlwaysRefresh":false,"showFog":true,"showSkybox":false,"showFlares":true,"showImageEffects":true,"showParticleSystems":true,"showVisualEffectGraphs":true,"m_FxEnabled":true},"in2DMode":false,"pivot":{"x":0.08178683370351792,"y":0.3936351537704468,"z":0.09782934188842774},"rotation":{"x":0.0012592760613188148,"y":-0.9927260875701904,"z":0.12001414597034455,"w":0.01043035089969635},"size":1.1462469100952149,"orthographic":false}