{"cameraMode":{"drawMode":0,"name":"Shaded","section":"Shading Mode"},"sceneLighting":false,"audioPlay":false,"sceneViewState":{"m_AlwaysRefresh":false,"showFog":true,"showSkybox":false,"showFlares":true,"showImageEffects":true,"showParticleSystems":true,"showVisualEffectGraphs":true,"m_FxEnabled":true},"in2DMode":false,"pivot":{"x":1.1953496932983399,"y":7.659364223480225,"z":13.131818771362305},"rotation":{"x":0.053012024611234668,"y":0.6416798233985901,"z":0.04453346133232117,"w":-0.7638468742370606},"size":21.81462287902832,"orthographic":false}