{"cameraMode":{"drawMode":0,"name":"Shaded","section":"Shading Mode"},"sceneLighting":false,"audioPlay":false,"sceneViewState":{"m_AlwaysRefresh":false,"showFog":true,"showSkybox":false,"showFlares":true,"showImageEffects":true,"showParticleSystems":true,"showVisualEffectGraphs":true,"m_FxEnabled":true},"in2DMode":false,"pivot":{"x":-38.078834533691409,"y":10.701946258544922,"z":-52.97511672973633},"rotation":{"x":-0.2502013146877289,"y":0.01507082860916853,"z":-0.0038955220952630045,"w":-0.9681043028831482},"size":0.8660253882408142,"orthographic":false}