{"cameraMode":{"drawMode":0,"name":"Shaded","section":"Shading Mode"},"sceneLighting":false,"audioPlay":false,"sceneViewState":{"m_AlwaysRefresh":false,"showFog":true,"showSkybox":false,"showFlares":true,"showImageEffects":true,"showParticleSystems":true,"showVisualEffectGraphs":true,"m_FxEnabled":true},"in2DMode":false,"pivot":{"x":0.2643963694572449,"y":-0.944921612739563,"z":0.2532091736793518},"rotation":{"x":0.07215087860822678,"y":-0.9040379524230957,"z":0.16900432109832765,"w":0.3859635293483734},"size":1.5796736478805543,"orthographic":false}