{"cameraMode":{"drawMode":0,"name":"Shaded","section":"Shading Mode"},"sceneLighting":false,"audioPlay":false,"sceneViewState":{"m_AlwaysRefresh":false,"showFog":true,"showSkybox":false,"showFlares":true,"showImageEffects":true,"showParticleSystems":true,"showVisualEffectGraphs":true,"m_FxEnabled":true},"in2DMode":false,"pivot":{"x":0.057968899607658389,"y":-0.46725550293922427,"z":0.9403718113899231},"rotation":{"x":-0.21907053887844087,"y":0.5510408282279968,"z":-0.1526903361082077,"w":-0.7906106114387512},"size":0.5027326345443726,"orthographic":false}